Time[s],Channel,Type,Data
0.000000000,CH1,WRITE,0x4003c000=0x01
0.000000150,CH1,READ,0x4003c00c
0.000000300,CH1,WRITE,0x4003c020=0x00
0.000000500,CH1,IRQ,0x11
0.000001000,CH1,WRITE,0x4003c008=0x55
0.000001200,CH1,IRQ,0x11
