Time[s],Channel,Type,Data
0.000000000,CH0,WRITE,0x40034000=0x01
0.000000100,CH0,READ,0x40034004
0.000020000,CH0,IRQ,0x10
0.000020100,CH0,WRITE,0x40034000=0x41
0.000040000,CH0,IRQ,0x10
