Time[s],Channel,Type,Data
0.000000000,CH0,WRITE,0x40034000=0x01
0.000000150,CH0,READ,0x40034004
0.000000300,CH0,WRITE,0x40034018=0x00
0.000000500,CH0,IRQ,0x10
0.000001000,CH0,WRITE,0x40034000=0x41
0.000001200,CH0,IRQ,0x10
